{
  "transformer": {
    "average_mse": 0.3941785395145416,
    "mean_error_by_context": [
      0.4469534456729889,
      0.5988606214523315,
      0.4867923855781555,
      0.46500688791275024,
      0.5006357431411743,
      0.4744586944580078,
      0.5714832544326782,
      0.4741341471672058,
      0.5259038805961609,
      0.4050830900669098,
      0.5501341819763184,
      0.436955988407135,
      0.3320930600166321,
      0.560920000076294,
      0.5462815165519714,
      0.4115108549594879,
      0.4237183928489685,
      0.3738965392112732,
      0.43553057312965393,
      0.25262707471847534,
      0.42790064215660095,
      0.381123423576355,
      0.4204145073890686,
      0.31094083189964294,
      0.3238312602043152,
      0.2916911542415619,
      0.3494424521923065,
      0.4499083161354065,
      0.3206547200679779,
      0.3835478127002716,
      0.2782178819179535,
      0.31572097539901733,
      0.22138674557209015,
      0.2586832642555237,
      0.32996636629104614,
      0.3328404724597931,
      0.380550742149353,
      0.24137365818023682,
      0.26138579845428467,
      0.30450281500816345,
      0.3042539060115814
    ],
    "std_error_by_context": [
      0.035065826028585434,
      0.05142985284328461,
      0.048238880932331085,
      0.04928426444530487,
      0.058532413095235825,
      0.06053784862160683,
      0.0727299153804779,
      0.06002046540379524,
      0.07785968482494354,
      0.053665559738874435,
      0.08224877715110779,
      0.056717999279499054,
      0.049577709287405014,
      0.0783134400844574,
      0.08404674381017685,
      0.06878463178873062,
      0.06846070289611816,
      0.06474796682596207,
      0.06677135825157166,
      0.04653436318039894,
      0.07205105572938919,
      0.06254586577415466,
      0.07231716066598892,
      0.060883618891239166,
      0.05009065568447113,
      0.04284951463341713,
      0.05522344261407852,
      0.06987209618091583,
      0.05342758819460869,
      0.06358093023300171,
      0.0449787899851799,
      0.05640292540192604,
      0.03219776973128319,
      0.03915197029709816,
      0.06538039445877075,
      0.05146637186408043,
      0.0625065416097641,
      0.038192104548215866,
      0.04226672276854515,
      0.05234580114483833,
      0.054808080196380615
    ],
    "few_shot_mse": 0.5051509141921997,
    "many_shot_mse": 0.3768174350261688
  },
  "NN-1": {
    "average_mse": 0.39291736483573914,
    "mean_error_by_context": [
      0.4469534456729889,
      0.8683940768241882,
      0.8697263598442078,
      0.8511260747909546,
      0.7679430842399597,
      0.7529765963554382,
      0.7358098030090332,
      0.6898432374000549,
      0.6655788421630859,
      0.6059867143630981,
      0.6097672581672668,
      0.6024076342582703,
      0.589812159538269,
      0.5518493056297302,
      0.5982115268707275,
      0.41340184211730957,
      0.36692458391189575,
      0.30070361495018005,
      0.37424737215042114,
      0.29263076186180115,
      0.33954596519470215,
      0.322555810213089,
      0.30841851234436035,
      0.24626116454601288,
      0.25093981623649597,
      0.19066402316093445,
      0.1789902150630951,
      0.22591444849967957,
      0.21293854713439941,
      0.12905290722846985,
      0.1593090444803238,
      0.20685406029224396,
      0.1793234646320343,
      0.16473796963691711,
      0.17776329815387726,
      0.15082266926765442,
      0.17750588059425354,
      0.10530908405780792,
      0.11513213068246841,
      0.14038965106010437,
      0.17289026081562042
    ],
    "std_error_by_context": [
      0.035065826028585434,
      0.09635103493928909,
      0.10330440104007721,
      0.09914100170135498,
      0.0953502357006073,
      0.10148410499095917,
      0.09419462829828262,
      0.09108178317546844,
      0.09914599359035492,
      0.08635950833559036,
      0.09420402348041534,
      0.08402850478887558,
      0.09854341298341751,
      0.08351948112249374,
      0.1021084189414978,
      0.07542059570550919,
      0.06295648962259293,
      0.04892108216881752,
      0.06888364255428314,
      0.06138508766889572,
      0.07379887253046036,
      0.07197354733943939,
      0.06042833253741264,
      0.04537869989871979,
      0.0510997548699379,
      0.0422724150121212,
      0.04053577408194542,
      0.0406215563416481,
      0.04560073837637901,
      0.02832288108766079,
      0.03187151998281479,
      0.04515589401125908,
      0.036776103079319,
      0.038651879876852036,
      0.034743621945381165,
      0.047077782452106476,
      0.04622442647814751,
      0.028206845745444298,
      0.034211400896310806,
      0.03659261390566826,
      0.05211080610752106
    ],
    "few_shot_mse": 0.8220332264900208,
    "many_shot_mse": 0.33007127046585083
  },
  "NN-3": {
    "average_mse": 0.42843684554100037,
    "mean_error_by_context": [
      0.4469534456729889,
      0.8683940768241882,
      0.6883977055549622,
      0.7530964016914368,
      0.6223253607749939,
      0.6523672342300415,
      0.6511778235435486,
      0.5893340110778809,
      0.5069983601570129,
      0.5768409371376038,
      0.6104936599731445,
      0.5932660102844238,
      0.5798376798629761,
      0.6219711303710938,
      0.5372859239578247,
      0.5083256959915161,
      0.4762905538082123,
      0.5069370269775391,
      0.3762785494327545,
      0.43658238649368286,
      0.4827237129211426,
      0.411642462015152,
      0.4538344442844391,
      0.35404038429260254,
      0.4452746510505676,
      0.2593429386615753,
      0.3257957994937897,
      0.3306157886981964,
      0.24647970497608185,
      0.2035287618637085,
      0.2645391523838043,
      0.27439266443252563,
      0.19790935516357422,
      0.27503401041030884,
      0.28284111618995667,
      0.2059944123029709,
      0.24828772246837616,
      0.15383443236351013,
      0.1647627353668213,
      0.21451139450073242,
      0.16737022995948792
    ],
    "std_error_by_context": [
      0.035065826028585434,
      0.09635103493928909,
      0.08535062521696091,
      0.0746387243270874,
      0.06626348197460175,
      0.07052814960479736,
      0.07684346288442612,
      0.07051180303096771,
      0.05717053636908531,
      0.0697508230805397,
      0.08386441320180893,
      0.0642692819237709,
      0.07235389947891235,
      0.0772695541381836,
      0.07016059011220932,
      0.07068231701850891,
      0.0689658597111702,
      0.06400170177221298,
      0.058875199407339096,
      0.06763309240341187,
      0.06123346835374832,
      0.055329203605651855,
      0.06120888516306877,
      0.056298788636922836,
      0.06393680721521378,
      0.044411417096853256,
      0.04850587621331215,
      0.056193333119153976,
      0.04144375026226044,
      0.02823246456682682,
      0.04100887477397919,
      0.053301483392715454,
      0.03391508385539055,
      0.04885537922382355,
      0.04870150610804558,
      0.029928486794233322,
      0.0468401163816452,
      0.02478978969156742,
      0.03948262333869934,
      0.04199367016553879,
      0.03622782975435257
    ],
    "few_shot_mse": 0.7169161438941956,
    "many_shot_mse": 0.386696457862854
  },
  "Averaging": {
    "average_mse": 0.5486049056053162,